Workbook

Sheet Instructions
A1: Perform the following in the dataset from the 'Dataset' sheet.
B3: 1) Sum, Count, Average:
C4: • What is the total price of all products in the dataset?
C5: • How many products are there in the dataset?
C6: • Calculate the average price of the products.
B8: 2) Min and Max:
C9: • Determine the minimum price among all products.
C10: • Find the maximum price among all products.
B12: 3) IF Function:
C13: • Using an IF function, create a new column named Price Range to categorize products with a price greater than or equal to $500 as 'High Price' and others as 'Standard Price'.
B15: 4) SUMIF and COUNTIF:
C16: • Calculate the total price for products in the 'Electronics' category using the SUMIF function.
C17: • Determine the count of products with a price less than $100 using the COUNTIF function.
B19: 5) Text Formatting - LEFT, RIGHT, MID:
C20: • Create a new column named Day with the first 2 characters of each 'Product ID' using the LEFT function.
C21: • Create a new column named Country Code by extracting the last 2 characters from the 'Product ID' column using the RIGHT function.
C22: • Create a new column named Month by extracting 4th to 6th characters from the 'Product ID' column using the MID function.

Sheet Dataset
A1: Product ID | B1: Product Name | C1: Brand Name | D1: Price ($) | E1: Quantity | F1: Category
A2: 28-JAN-US | B2: Laptop | C2: Dell | D2: 1000 | E2: 30 | F2: Electronics
A3: 15-FEB-US | B3: Sneakers | C3: Nike | D3: 80 | E3: 15 | F3: Fashion
A4: 03-MAR-US | B4: Coffee Maker | C4: Keurig | D4: 130 | E4: 40 | F4: Kitchen
A5: 11-APR-US | B5: Smartphone | C5: Samsung | D5: 900 | E5: 25 | F5: Electronics
A6: 22-MAY-US | B6: Backpack | C6: North Face | D6: 70 | E6: 20 | F6: Outdoor
A7: 07-JUN-UK | B7: Headphones | C7: Sony | D7: 200 | E7: 45 | F7: Electronics
A8: 19-JUL-UK | B8: T-shirt | C8: Adidas | D8: 30 | E8: 5 | F8: Fashion
A9: 23-AUG-UK | B9: Blender | C9: Ninja | D9: 90 | E9: 35 | F9: Kitchen
A10: 05-SEP-UK | B10: Tablet | C10: Apple | D10: 500 | E10: 50 | F10: Electronics
A11: 14-OCT-UK | B11: Hiking Boots | C11: Timberland | D11: 130 | E11: 10 | F11: Outdoor
A12: 17-JUN-IN | B12: Laptop | C12: HP | D12: 950 | E12: 25 | F12: Electronics
A13: 25-NOV-AU | B13: Sneakers | C13: Adidas | D13: 90 | E13: 40 | F13: Fashion
... A35: 09-JUL-FR | B35: Watch | C35: Casio | D35: 100 | E35: 20 | F35: Accessories

Sheet Answers
B3: Product ID | C3: Product Name | D3: Brand Name | E3: Price ($) | F3: Quantity | G3: Category | H3: Price Range | I3: Day | J3: Country Code | K3: Month
B4: 28-JAN-US | C4: Laptop | D4: Dell | E4: 1000 | F4: 30 | G4: Electronics | H4: =IF(Answers!E4>=500, "High Price", "Standard Price") -> High Price | I4: =LEFT(B4,2) -> 28 | J4: =RIGHT(B4, 2) -> US | K4: =MID(B4,4,3) -> JAN
B5: 15-FEB-US | C5: Sneakers | D5: Nike | E5: 80 | F5: 15 | G5: Fashion | H5: =IF(Answers!E5>=500, "High Price", "Standard Price") -> Standard Price | I5: =LEFT(B5,2) -> 15 | J5: =RIGHT(B5, 2) -> US | K5: =MID(B5,4,3) -> FEB
B6: 03-MAR-US | C6: Coffee Maker | D6: Keurig | E6: 130 | F6: 40 | G6: Kitchen | H6: =IF(Answers!E6>=500, "High Price", "Standard Price") -> Standard Price | I6: =LEFT(B6,2) -> 03 | J6: =RIGHT(B6, 2) -> US | K6: =MID(B6,4,3) -> MAR
B7: 11-APR-US | C7: Smartphone | D7: Samsung | E7: 900 | F7: 25 | G7: Electronics | H7: =IF(Answers!E7>=500, "High Price", "Standard Price") -> High Price | I7: =LEFT(B7,2) -> 11 | J7: =RIGHT(B7, 2) -> US | K7: =MID(B7,4,3) -> APR
B8: 22-MAY-US | C8: Backpack | D8: North Face | E8: 70 | F8: 20 | G8: Outdoor | H8: =IF(Answers!E8>=500, "High Price", "Standard Price") -> Standard Price | I8: =LEFT(B8,2) -> 22 | J8: =RIGHT(B8, 2) -> US | K8: =MID(B8,4,3) -> MAY
B9: 07-JUN-UK | C9: Headphones | D9: Sony | E9: 200 | F9: 45 | G9: Electronics | H9: =IF(Answers!E9>=500, "High Price", "Standard Price") -> Standard Price | I9: =LEFT(B9,2) -> 07 | J9: =RIGHT(B9, 2) -> UK | K9: =MID(B9,4,3) -> JUN
B10: 19-JUL-UK | C10: T-shirt | D10: Adidas | E10: 30 | F10: 5 | G10: Fashion | H10: =IF(Answers!E10>=500, "High Price", "Standard Price") -> Standard Price | I10: =LEFT(B10,2) -> 19 | J10: =RIGHT(B10, 2) -> UK | K10: =MID(B10,4,3) -> JUL
B11: 23-AUG-UK | C11: Blender | D11: Ninja | E11: 90 | F11: 35 | G11: Kitchen | H11: =IF(Answers!E11>=500, "High Price", "Standard Price") -> Standard Price | I11: =LEFT(B11,2) -> 23 | J11: =RIGHT(B11, 2) -> UK | K11: =MID(B11,4,3) -> AUG
B12: 05-SEP-UK | C12: Tablet | D12: Apple | E12: 500 | F12: 50 | G12: Electronics | H12: =IF(Answers!E12>=500, "High Price", "Standard Price") -> High Price | I12: =LEFT(B12,2) -> 05 | J12: =RIGHT(B12, 2) -> UK | K12: =MID(B12,4,3) -> SEP
B13: 14-OCT-UK | C13: Hiking Boots | D13: Timberland | E13: 130 | F13: 10 | G13: Outdoor | H13: =IF(Answers!E13>=500, "High Price", "Standard Price") -> Standard Price | I13: =LEFT(B13,2) -> 14 | J13: =RIGHT(B13, 2) -> UK | K13: =MID(B13,4,3) -> OCT
B14: 17-JUN-IN | C14: Laptop | D14: HP | E14: 950 | F14: 25 | G14: Electronics | H14: =IF(Answers!E14>=500, "High Price", "Standard Price") -> High Price | I14: =LEFT(B14,2) -> 17 | J14: =RIGHT(B14, 2) -> IN | K14: =MID(B14,4,3) -> JUN | M14: Total | N14: =SUM(E4:E37) -> 10100
B15: 25-NOV-AU | C15: Sneakers | D15: Adidas | E15: 90 | F15: 40 | G15: Fashion | H15: =IF(Answers!E15>=500, "High Price", "Standard Price") -> Standard Price | I15: =LEFT(B15,2) -> 25 | J15: =RIGHT(B15, 2) -> AU | K15: =MID(B15,4,3) -> NOV | M15: Number of Products | N15: =COUNTA(C4:C37) -> 34
B16: 08-DEC-DE | C16: Coffee Maker | D16: Nespresso | E16: 120 | F16: 35 | G16: Kitchen | H16: =IF(Answers!E16>=500, "High Price", "Standard Price") -> Standard Price | I16: =LEFT(B16,2) -> 08 | J16: =RIGHT(B16, 2) -> DE | K16: =MID(B16,4,3) -> DEC | M16: Average Price | N16: =AVERAGE(E4:E37) -> 297.05882
B17: 18-FEB-CA | C17: Smartwatch | D17: Fitbit | E17: 150 | F17: 15 | G17: Electronics | H17: =IF(Answers!E17>=500, "High Price", "Standard Price") -> Standard Price | I17: =LEFT(B17,2) -> 18 | J17: =RIGHT(B17, 2) -> CA | K17: =MID(B17,4,3) -> FEB
B18: 16-APR-ES | C18: Headphones | D18: Bose | E18: 250 | F18: 20 | G18: Electronics | H18: =IF(Answers!E18>=500, "High Price", "Standard Price") -> Standard Price | I18: =LEFT(B18,2) -> 16 | J18: =RIGHT(B18, 2) -> ES | K18: =MID(B18,4,3) -> APR | M18: Minimum Price among all products | N18: =MIN(E4:E37) -> 30
B19: 21-AUG-CA | C19: Laptop Bag | D19: Samsonite | E19: 50 | F19: 35 | G19: Accessories | H19: =IF(Answers!E19>=500, "High Price", "Standard Price") -> Standard Price | I19: =LEFT(B19,2) -> 21 | J19: =RIGHT(B19, 2) -> CA | K19: =MID(B19,4,3) -> AUG | M19: Maximum Price among all products | N19: =MAX(E4:E37) -> 1000
B20: 20-AUG-CN | C20: Smartwatch | D20: Huawei | E20: 160 | F20: 15 | G20: Electronics | H20: =IF(Answers!E20>=500, "High Price", "Standard Price") -> Standard Price | I20: =LEFT(B20,2) -> 20 | J20: =RIGHT(B20, 2) -> CN | K20: =MID(B20,4,3) -> AUG
B21: 27-JAN-IT | C21: Laptop | D21: Asus | E21: 980 | F21: 10 | G21: Electronics | H21: =IF(Answers!E21>=500, "High Price", "Standard Price") -> High Price | I21: =LEFT(B21,2) -> 27 | J21: =RIGHT(B21, 2) -> IT | K21: =MID(B21,4,3) -> JAN | M21: Total price in electronics category | N21: =SUMIF(G4:G37, "Electronics", E4:E37) -> 8050
B22: 01-MAR-UK | C22: Sunglasses | D22: Oakley | E22: 150 | F22: 15 | G22: Fashion | H22: =IF(Answers!E22>=500, "High Price", "Standard Price") -> Standard Price | I22: =LEFT(B22,2) -> 01 | J22: =RIGHT(B22, 2) -> UK | K22: =MID(B22,4,3) -> MAR | M22: Count of products with price less than $100 | N22: =COUNTIF(E4:E37, "<100") -> 11
B23: 14-AUG-US | C23: Camping Tent | D23: Coleman | E23: 200 | F23: 10 | G23: Outdoor | H23: =IF(Answers!E23>=500, "High Price", "Standard Price") -> Standard Price | I23: =LEFT(B23,2) -> 14 | J23: =RIGHT(B23, 2) -> US | K23: =MID(B23,4,3) -> AUG
B24: 14-MAY-RU | C24: Camera | D24: Nikon | E24: 700 | F24: 50 | G24: Electronics | H24: =IF(Answers!E24>=500, "High Price", "Standard Price") -> High Price | I24: =LEFT(B24,2) -> 14 | J24: =RIGHT(B24, 2) -> RU | K24: =MID(B24,4,3) -> MAY
B25: 09-JAN-CA | C25: Microwave | D25: Panasonic | E25: 80 | F25: 20 | G25: Kitchen | H25: =IF(Answers!E25>=500, "High Price", "Standard Price") -> Standard Price | I25: =LEFT(B25,2) -> 09 | J25: =RIGHT(B25, 2) -> CA | K25: =MID(B25,4,3) -> JAN
B26: 19-JUL-BR | C26: Fitness Tracker | D26: Xiaomi | E26: 150 | F26: 30 | G26: Electronics | H26: =IF(Answers!E26>=500, "High Price", "Standard Price") -> Standard Price | I26: =LEFT(B26,2) -> 19 | J26: =RIGHT(B26, 2) -> BR | K26: =MID(B26,4,3) -> JUL
B27: 21-AUG-CA | C27: Laptop Bag | D27: Samsonite | E27: 50 | F27: 35 | G27: Accessories | H27: =IF(Answers!E27>=500, "High Price", "Standard Price") -> Standard Price | I27: =LEFT(B27,2) -> 21 | J27: =RIGHT(B27, 2) -> CA | K27: =MID(B27,4,3) -> AUG
B28: 29-SEP-CA | C28: Smartphone | D28: Google | E28: 800 | F28: 45 | G28: Electronics | H28: =IF(Answers!E28>=500, "High Price", "Standard Price") -> High Price | I28: =LEFT(B28,2) -> 29 | J28: =RIGHT(B28, 2) -> CA | K28: =MID(B28,4,3) -> SEP
B29: 03-JUN-CA | C29: Sunglasses | D29: Ray-Ban | E29: 130 | F29: 25 | G29: Fashion | H29: =IF(Answers!E29>=500, "High Price", "Standard Price") -> Standard Price | I29: =LEFT(B29,2) -> 03 | J29: =RIGHT(B29, 2) -> CA | K29: =MID(B29,4,3) -> JUN
B30: 11-JUL-CA | C30: Blender | D30: Vitamix | E30: 400 | F30: 40 | G30: Kitchen | H30: =IF(Answers!E30>=500, "High Price", "Standard Price") -> Standard Price | I30: =LEFT(B30,2) -> 11 | J30: =RIGHT(B30, 2) -> CA | K30: =MID(B30,4,3) -> JUL
B31: 16-APR-ES | C31: Headphones | D31: Bose | E31: 230 | F31: 20 | G31: Electronics | H31: =IF(Answers!E31>=500, "High Price", "Standard Price") -> Standard Price | I31: =LEFT(B31,2) -> 16 | J31: =RIGHT(B31, 2) -> ES | K31: =MID(B31,4,3) -> APR
B32: 07-MAR-CA | C32: Dress | D32: Zara | E32: 60 | F32: 30 | G32: Fashion | H32: =IF(Answers!E32>=500, "High Price", "Standard Price") -> Standard Price | I32: =LEFT(B32,2) -> 07 | J32: =RIGHT(B32, 2) -> CA | K32: =MID(B32,4,3) -> MAR
B33: 13-APR-CA | C33: Toaster | D33: Hamilton | E33: 40 | F33: 10 | G33: Kitchen | H33: =IF(Answers!E33>=500, "High Price", "Standard Price") -> Standard Price | I33: =LEFT(B33,2) -> 13 | J33: =RIGHT(B33, 2) -> CA | K33: =MID(B33,4,3) -> APR
B34: 24-MAY-CA | C34: Fitness Tracker | D34: Garmin | E34: 130 | F34: 5 | G34: Electronics | H34: =IF(Answers!E34>=500, "High Price", "Standard Price") -> Standard Price | I34: =LEFT(B34,2) -> 24 | J34: =RIGHT(B34, 2) -> CA | K34: =MID(B34,4,3) -> MAY
... B37: 09-JUL-FR | C37: Watch | D37: Casio | E37: 100 | F37: 20 | G37: Accessories | H37: =IF(Answers!E37>=500, "High Price", "Standard Price") -> Standard Price | I37: =LEFT(B37,2) -> 09 | J37: =RIGHT(B37, 2) -> FR | K37: =MID(B37,4,3) -> JUL
